brand_id,Product Category,tpt_sep_2025,tpv_sep_2025,tpt_aug_2025,tpv_aug_2025,tpt_jul_2025,tpv_jul_2025,tpt_jun_2025,tpv_jun_2025,tpt_may_2025,tpv_may_2025,tpt_apr_2025,tpv_apr_2025,tpt_mar_2025,tpv_mar_2025,tpt_feb_2025,tpv_feb_2025,tpt_jan_2025,tpv_jan_2025,tpt_dec_2024,tpv_dec_2024,tpt_nov_2024,tpv_nov_2024,tpt_oct_2024,tpv_oct_2024
OCO-0227-1670488312674,CHECKOUT,"721,700","492,586,548,065","702,304","488,305,401,513","765,409","543,279,144,277","761,842","554,474,081,258","706,739","483,002,077,881","687,773","456,504,414,939","508,092","388,433,354,909","465,847","309,149,956,122","506,391","380,191,005,057","557,380","455,166,462,000","443,413","310,029,517,059","424,487","257,304,089,455"
MCH-2180-9693454400626,CHECKOUT,"395,083","38,102,132,055","400,760","38,880,753,264","409,268","39,424,859,093","374,657","35,998,556,965","378,662","35,747,300,000","283,895","26,807,240,000","402,186","41,632,825,000","331,674","31,919,215,000","323,939","32,223,700,000","352,216","37,458,195,000","316,989","31,223,295,000","318,418","30,924,225,000"
BRN-0271-1699530994549,CHECKOUT,"207,874","13,301,407,194","206,498","12,978,843,868","216,962","13,896,830,392","206,896","13,114,044,164","232,710","14,658,822,146","246,165","15,851,165,458","209,571","13,318,711,567","189,621","12,025,101,626","214,548","13,601,970,542","253,558","16,382,150,411","221,770","13,962,144,809","232,559","14,752,002,531"
BRN-0252-1693211289791,CHECKOUT,"197,513","12,689,369,336","197,809","12,704,669,800","208,943","13,500,997,050","192,218","12,324,099,820","168,944","10,762,744,666","174,326","11,199,371,835","154,141","9,746,898,550","124,679","7,783,889,618","130,772","8,236,012,681","111,132","7,093,459,987","88,935","5,546,685,055","62,995","4,046,073,938"
BRN-0289-1686020169243,CHECKOUT,"179,789","16,774,132,569","182,582","14,900,661,639","196,111","16,084,346,986","213,799","20,666,696,631","240,644","24,276,504,884","224,992","19,500,982,561","249,980","23,587,009,591","227,056","21,314,216,966","249,211","19,872,403,697","266,639","21,948,040,969","258,280","20,506,089,927","104,696","8,860,696,924"
OCO-0267-1671600604339,CHECKOUT,"75,396","11,532,628,111","33,103","5,677,391,545","13,100","3,041,990,171","7,280","2,445,942,620","5,124","2,177,983,222","5,583","1,558,333,702","5,896","1,477,232,624","4,821","1,376,936,447","5,286","1,324,413,781","4,126","1,664,291,826","2,490","825,545,797","2,508","736,753,341"
BRN-0203-1699858541630,CHECKOUT,"49,676","7,363,925,920","53,735","7,672,463,312","57,757","8,258,486,478","53,991","7,850,809,300","57,938","8,845,664,500","55,287","8,718,711,500","53,253","8,132,411,400","53,836","8,513,051,800","62,765","9,093,800,600","62,312","8,738,439,000","61,481","8,901,625,200","65,827","9,606,529,900"
OCO-0201-1692609960686,CHECKOUT,"32,744","18,077,198,169","34,326","19,394,048,640","20,716","11,953,672,269","35,864","20,881,007,742","35,207","20,915,141,327","30,691","18,610,684,124","26,190","14,695,568,284","36,018","22,604,061,008","11,368","6,413,105,892","34,451","22,505,320,337","36,166","21,910,913,296","32,740","17,920,311,671"
OCO-0207-1648648196402,CHECKOUT,"25,589","10,442,809,725","32,128","12,117,295,031","36,953","14,988,415,436","36,158","14,400,530,579","37,048","13,538,867,416","33,132","12,016,317,445","40,555","13,766,931,934","37,430","12,804,700,672","38,389","11,719,212,280","57,008","22,561,442,298","43,169","16,431,316,554","42,054","17,459,481,649"
BRN-0201-1678687726450,CHECKOUT,"13,980","646,492,159","15,522","719,263,694","16,823","767,250,264","16,496","753,496,795","17,730","829,295,371","19,288","936,813,955","19,535","938,188,760","17,319","816,905,610","19,760","933,165,585","24,499","1,156,888,511","21,347","989,847,599","22,332","1,033,177,531"
BRN-0298-1705558479440,CHECKOUT,"11,394","11,254,982,000","9,004","10,357,072,500","8,086","9,718,994,299","6,496","7,369,033,802","6,379","6,805,516,000","5,426","5,670,628,000","3,709","3,885,081,000","4,875","5,522,967,000","4,531","4,337,339,000","4,770","3,960,718,000","2,875","2,894,625,000","2,972","3,005,830,000"
OCO-0215-1670315663486,CHECKOUT,"11,325","139,537,076,333","11,632","140,654,930,768","12,192","150,571,265,501","10,583","121,276,947,290","11,397","123,661,558,806","9,125","93,731,084,854","8,137","113,402,391,917","7,253","113,113,145,731","9,212","122,826,500,645","10,857","145,982,141,225","9,614","128,784,214,261","9,496","129,076,611,883"
OCO-0205-1670569258706,CHECKOUT,"11,205","2,054,815,000","10,908","1,990,230,200","10,548","1,933,975,700","10,150","1,861,963,950","9,769","1,801,557,750","9,358","1,726,804,800","9,218","1,711,109,400","8,177","1,530,423,600","8,126","1,523,680,350","8,112","1,520,017,350","7,517","1,411,631,400","7,378","1,384,103,400"
OCO-0206-1671684206312,CHECKOUT,"8,229","13,124,386,500","8,127","14,172,577,000","6,749","13,909,088,500","6,381","11,832,235,000","5,288","9,015,503,000","4,610","7,995,705,000","3,270","5,779,540,000","2,750","3,943,489,200","1,307","1,813,034,536","1,852","2,712,069,800","2,222","2,720,799,200","2,986","3,842,977,000"
OCO-0262-1670488419533,CHECKOUT,"7,721","1,040,801,876","7,139","974,035,097","7,042","977,732,051","6,925","992,148,878","7,110","1,000,010,467","5,304","766,597,457","10,080","2,253,337,606","7,386","1,468,305,601","6,027","1,189,855,688","5,875","2,333,549,363","6,271","1,377,959,997","4,928","800,527,818"
OCO-0000-0000000000800,CHECKOUT,"7,103","865,091,789","5,642","829,289,242","2,224","193,153,189","2,435","181,144,249","2,205","167,389,114","1,854","146,261,630","2,124","187,250,573","1,716","142,830,481","3,417","241,298,157","3,472","221,405,780","3,224","209,202,885","3,539","240,699,322"
OCO-0210-1670311736505,CHECKOUT,"6,589","1,242,267,843","6,537","837,803,589","6,803","928,390,451","6,246","1,595,112,833","6,538","1,191,669,986","6,063","1,002,321,075","6,068","1,702,816,772","6,180","868,669,935","6,741","833,270,689","6,990","1,548,355,551","6,643","1,043,134,772","6,115","919,290,481"
OCO-0289-1670915968907,CHECKOUT,"5,838","2,590,955,000","2,998","1,139,270,000","5,531","2,409,220,000","2,898","1,069,250,000","6,301","2,745,610,000","16,603","7,298,105,000",13,"6,070,000",658,"281,340,000","1,403","573,280,000","1,388","528,840,000","1,717","737,320,000","2,395","1,146,370,000"
OCO-0251-1670488374729,CHECKOUT,"4,886","175,805,000","5,571","203,295,000","7,324","266,665,000","6,081","221,025,000","8,617","317,485,000","8,141","300,825,000","7,979","277,840,000","8,389","274,133,000","9,276","309,864,000","9,170","309,465,000","9,394","303,701,000","9,815","341,154,000"
BRN-0124-1708505722968,CHECKOUT,"4,507","4,954,342,192","5,637","6,797,570,333","5,994","7,680,291,604","5,046","6,376,329,669","4,436","5,251,242,772","4,185","5,140,998,063","3,375","4,158,016,225","2,428","2,933,048,392","1,051","1,255,092,735","3,606","4,785,550,575","4,238","5,163,891,807","5,877","7,125,893,638"
BRN-0222-1704944833967,CHECKOUT,"4,063","2,911,265,973","6,252","4,023,504,411","3,465","2,870,234,775","3,201","2,373,675,509","2,942","2,601,804,827","2,391","1,956,818,426","11,750","10,078,641,141","3,293","2,808,408,308","3,031","2,367,325,991","5,461","3,994,326,374","9,000","6,515,086,525","5,589","4,309,336,213"
OCO-0253-1670832016585,CHECKOUT,"3,741","9,500,177,239","5,337","16,067,901,956","7,432","24,923,866,442",31,"84,032,360",21,"79,718,154",11,"21,798,500",15,"34,218,500",14,"32,928,600",35,"68,992,300",19,"36,105,905",35,"84,727,356",33,"60,336,239"
OCO-0213-1670315660198,CHECKOUT,"3,445","2,182,672,700","4,069","2,431,042,960","1,906","1,127,621,585","5,755","3,444,616,250","7,076","3,954,555,100","8,006","4,100,346,000","8,242","4,392,783,000","3,556","2,059,812,550","6,473","3,710,922,600","12,855","8,712,828,350","8,601","4,743,329,428","6,079","4,013,349,600"
BRN-0211-1662606546352,CHECKOUT,"3,079","5,428,224,988","2,738","4,894,944,606","2,497","4,963,109,330","2,656","5,043,607,540","2,583","4,812,534,146","2,210","4,057,145,217","1,913","4,027,332,481","2,178","4,602,561,023",990,"1,859,103,779","2,052","4,638,372,510","2,323","5,127,444,176","2,073","4,267,975,291"
OCO-0245-1670570236774,CHECKOUT,"2,495","603,295,000","8,227","1,403,365,000",951,"230,197,500","2,557","526,646,875","2,129","443,800,000",41,"8,850,000",80,"56,172,500",278,"130,318,000",672,"268,350,000",967,"221,787,750","2,128","671,044,500","2,577","578,809,750"
OCO-0227-1671530485273,CHECKOUT,"2,468","952,070,420","2,618","927,834,090","2,824","1,223,340,603","2,814","1,203,554,576","2,426","937,411,577","2,326","1,057,338,133","2,373","1,286,776,835","1,518","712,329,509","1,189","568,085,486","1,751","1,057,226,509","1,387","779,161,133","1,315","710,810,392"
BRN-0216-1706410883017,CHECKOUT,"2,361","2,295,446,823","2,586","2,903,827,902","2,310","2,934,106,329","1,636","1,486,743,018","2,824","2,881,273,107","1,894","2,302,188,506","1,883","1,984,490,026","2,052","1,928,299,507","2,681","4,084,051,500","2,188","4,405,137,009","2,352","2,092,490,003","2,646","2,719,910,911"
BRN-0246-1651898691239,CHECKOUT,"2,317","165,410,236","2,422","175,576,581","3,869","301,435,923","4,675","368,296,376","5,108","413,389,063","4,834","407,405,542","4,056","329,605,336","4,711","393,670,838","5,749","539,867,065","6,886","653,096,848","6,091","527,613,756","6,486","531,219,000"
OCO-0282-1670489626849,CHECKOUT,"2,227","1,120,326,860","3,717","2,165,892,072","2,052","1,051,403,392","2,081","1,103,623,366","2,113","1,123,058,533","1,611","847,888,589","1,937","976,481,646","1,919","909,161,731",510,"321,911,500","2,644","1,512,738,422","1,707","861,730,383","2,221","1,269,885,011"
BRN-0244-1701017775583,CHECKOUT,"2,213","11,454,975,065","2,986","16,012,273,657","2,910","16,192,695,687","2,844","15,394,926,147","3,042","14,579,260,573","2,514","12,722,246,882","2,652","12,240,595,517","2,305","12,024,789,101",475,"2,531,264,439","4,428","28,181,718,940","2,972","16,384,302,957","3,576","19,444,404,099"
BRN-0211-1707799484866,CHECKOUT,"2,130","566,846,672","1,973","589,203,364","1,796","688,987,565","1,601","1,200,701,818","2,105","1,145,613,030","2,124","1,260,318,908","6,473","6,865,664,969",517,"259,336,665",160,"86,173,669",171,"61,227,305",139,"75,714,198",143,"59,354,002"
OCO-0288-1671625167129,CHECKOUT,"2,104","2,383,264,800","2,291","2,724,262,400","2,456","2,831,012,400","2,192","2,569,025,600","2,270","2,664,656,000","2,070","2,427,313,600","1,793","2,080,417,600","1,450","1,688,818,800","1,278","1,471,551,600","2,185","2,661,105,600",191,"273,042,800",4,"85,160,800"
OCO-0000-0000000006770,CHECKOUT,"2,058","32,821,665","2,058","33,124,165","1,985","31,391,165","1,684","29,265,500","1,956","35,108,500","1,978","35,336,000","1,861","35,316,500","1,874","30,366,000","1,891","33,649,000","1,952","37,936,900","2,106","37,678,101","2,376","42,518,500"
OCO-0203-1671422327215,CHECKOUT,"2,014","791,740,451","2,011","667,731,666","2,381","540,219,322","2,560","685,886,305","2,677","553,890,835","3,017","703,784,328","6,005","1,206,944,370","4,327","1,274,362,679","3,092","1,291,400,626","2,473","630,113,522","2,470","461,964,808","2,255","467,204,121"
BRN-0286-1723123227705,CHECKOUT,"1,923","11,164,372,467","2,121","12,076,510,907","2,001","11,256,190,635","1,625","9,187,209,476","1,865","11,152,428,592","1,620","8,961,893,574","1,120","7,294,405,097","1,506","10,133,722,058",896,"5,923,221,862",997,"7,377,586,752",787,"5,243,436,232",411,"1,785,455,249"
BRN-0225-1650945124949,CHECKOUT,"1,856","1,013,537,400","1,971","1,099,212,675","2,354","1,386,407,660","2,357","1,317,201,799","2,360","1,514,441,995","2,529","1,261,948,647","2,410","1,071,160,670","2,242","1,073,131,620","1,974","805,830,060","3,317","1,675,303,800","2,696","1,417,511,614","2,826","1,536,532,129"
OCO-0000-0000000249847,CHECKOUT,"1,823","7,518,766,864","2,000","6,572,368,730","1,935","6,992,753,039","1,890","5,835,193,878","2,046","4,770,413,287","2,332","6,431,030,639","1,959","6,425,409,280","3,401","8,591,302,642","1,117","2,970,475,654","1,811","8,627,888,313","2,058","12,676,919,556","2,339","8,927,087,195"
OCO-0000-0000000239820,CHECKOUT,"1,594","29,475,204,166","1,701","33,941,536,931","1,546","44,081,637,678","1,586","49,061,527,351","1,725","42,347,917,154","1,361","52,938,969,671","1,220","59,655,869,251","2,017","63,740,412,393",859,"12,614,926,743","1,527","158,007,595,994","1,738","161,547,236,986","2,047","172,778,106,279"
BRN-0277-1697676690396,CHECKOUT,"1,593","322,281,295",501,"101,083,450","1,615","327,253,969","1,549","314,674,354","1,460","296,875,320","1,347","275,682,365","1,360","279,789,727","1,318","270,973,134","1,121","229,237,042","1,155","232,625,774",927,"186,839,036",876,"177,372,268"
OCO-0000-0000000000650,CHECKOUT,"1,581","892,293,883","1,603","882,855,272","1,626","898,183,645","1,528","810,774,011","1,665","913,928,946","1,359","732,768,652","1,554","870,356,428","2,278","1,260,201,618","1,085","681,952,183","2,778","1,707,552,415","2,715","1,788,010,639","2,958","1,858,540,286"
OCO-0228-1670488312829,CHECKOUT,"1,271","1,676,778,415","1,212","1,521,442,020","1,262","1,324,067,532","1,406","1,630,255,364","1,328","1,420,187,873","1,370","1,331,779,602","2,093","2,033,997,204","1,685","1,553,243,598","1,238","1,090,176,613","2,142","1,921,210,298","1,699","1,534,232,917","2,038","1,765,512,585"
BRN-0206-1700125355123,CHECKOUT,"1,236","772,336,000","1,592","1,004,785,000","1,384","669,483,000","1,046","386,197,000",983,"371,811,000","1,012","404,542,000","1,081","453,031,000","1,277","517,384,000",669,"302,563,000",604,"269,026,000",794,"365,175,000","1,241","550,622,000"
OCO-0000-0000000011307,CHECKOUT,"1,232","63,947,000","1,459","77,142,890","1,460","84,324,000","1,765","102,852,000","1,810","104,117,000","1,798","101,518,000","1,597","84,924,000","1,730","93,493,200","1,159","60,900,000","2,281","120,897,000","2,104","97,386,000","2,436","109,834,400"
BRN-0234-1691392351955,CHECKOUT,"1,210","44,520,956","1,147","45,866,442","1,068","54,654,915","1,004","44,001,628","1,107","40,769,214","1,007","46,349,348","1,267","50,963,040","1,182","44,103,142","1,326","45,069,780","1,527","57,965,536","1,319","50,924,436","1,434","52,144,095"
OCO-0254-1671785129193,CHECKOUT,"1,197","3,312,445,500","1,330","4,888,509,000",876,"3,167,509,000",457,"1,477,606,500",328,"669,879,000",199,"328,893,500",304,"472,557,000",509,"1,095,035,500",684,"1,689,129,000","1,245","3,678,506,500","1,345","6,136,156,500",487,"1,186,276,500"
OCO-0228-1671530485793,CHECKOUT,"1,165","105,452,600","1,260","119,385,450","1,532","148,390,550","1,911","162,541,500","1,326","122,405,150","1,302","116,247,950","1,846","158,102,900","1,427","128,334,450","1,461","134,484,000","1,565","136,545,200","1,691","133,913,100","1,313","113,490,500"
BRN-0267-1669264047938,CHECKOUT,"1,111","213,752,303","1,125","221,021,128","1,186","233,820,088","1,097","215,229,318","1,165","229,329,977","1,054","205,434,697","1,180","234,750,694",989,"197,056,758","1,038","205,689,196",932,"188,047,277",964,"192,815,958",918,"184,774,127"
BRN-0250-1669193786248,CHECKOUT,"1,018","1,069,510,500","1,338","1,622,954,500",840,"1,035,773,700",668,"846,729,000",569,"684,546,000",562,"663,245,646",341,"450,474,000",235,"300,796,000",78,"92,052,500",263,"767,653,000",279,"274,076,000",533,"577,106,500"
OCO-0000-0000000011304,CHECKOUT,"1,005","66,980,000","1,322","99,113,890","1,203","93,360,000",982,"74,870,000",641,"49,430,000",597,"48,430,000",405,"29,495,000",531,"39,275,000",297,"22,690,000",668,"47,735,000",654,"41,985,000",790,"47,975,800"
BRN-0296-1672198509433,CHECKOUT,991,"2,555,516,000","1,265","3,668,857,000","1,098","3,238,689,750",964,"2,848,002,500",841,"2,430,887,500",773,"2,344,201,500",509,"1,511,920,000",412,"1,085,635,500",149,"419,425,000",394,"1,273,222,500",435,"1,137,954,000",688,"1,851,295,500"
OCO-1052-1645660924575,CHECKOUT,942,"115,463,310","1,128","204,220,020",723,"52,726,110",734,"40,203,090",742,"49,480,470",904,"62,171,100",909,"58,914,360",752,"52,191,090",901,"62,379,780",790,"58,272,780",891,"60,715,890",778,"55,085,970"
OCO-0000-0000000242582,CHECKOUT,878,"494,447,249",727,"399,566,333",628,"393,313,521",530,"286,368,504",589,"303,356,188",531,"316,039,597",356,"153,778,600",118,"54,062,550",145,"59,609,300",437,"213,562,650",497,"217,274,100",567,"262,961,900"
OCO-0293-1680753547819,CHECKOUT,860,"2,862,848,300",599,"2,054,806,300",778,"2,564,755,519",796,"2,472,503,500","1,097","3,453,082,147",748,"2,396,106,230",916,"2,757,078,000","1,314","3,966,835,100",794,"2,429,305,100","1,166","3,518,209,600",832,"2,483,070,000",724,"2,131,776,500"
MCH-0081-4284146757411,CHECKOUT,840,"81,603,000",260,"20,782,000",293,"31,161,000",91,"9,157,000",133,"14,768,500",64,"7,838,000",31,"4,654,500",112,"12,881,500",33,"4,283,500",77,"8,836,500",57,"6,571,500",54,"6,948,000"
BRN-0253-1694422357137,CHECKOUT,837,"1,689,556,674",811,"1,984,554,533",849,"1,447,557,929",695,"1,237,028,736",676,"1,163,038,844",495,"1,085,725,399",587,"1,179,663,907",459,"971,142,753",407,"1,079,674,639",906,"1,276,998,155",740,"1,063,629,307",657,"1,010,413,938"
BRN-0260-1660640236912,CHECKOUT,796,"509,574,752",556,"365,349,040",701,"412,786,200",744,"392,872,000",679,"291,910,060",591,"310,669,900",531,"221,819,100",200,"100,224,000",102,"76,503,500",54,"30,331,000",22,"10,537,000",55,"27,041,500"
BRN-0262-1683772644506,CHECKOUT,746,"8,767,165,903",699,"8,403,115,611",979,"11,500,352,644",290,"3,746,187,824",349,"3,792,288,269",403,"4,905,981,374",289,"3,649,408,682",266,"4,321,563,339",456,"7,309,257,187",425,"6,528,932,394",414,"4,191,033,665",354,"3,995,370,129"
BRN-0225-1675763080731,CHECKOUT,728,"93,962,265",697,"94,496,072",763,"104,102,934",576,"80,746,479",473,"74,543,929",352,"51,224,828",290,"41,603,947",287,"38,313,100",229,"32,178,000",152,"25,024,500",186,"29,687,667",135,"21,296,000"
OCO-0221-1702002292731,CHECKOUT,705,"1,057,500",629,"943,500",665,"997,500",497,"745,500",484,"726,000",477,"715,500",654,"981,000",653,"979,500",324,"3,056,000",643,"964,500",702,"1,053,000",830,"1,245,000"
OCO-0000-0000000249808,CHECKOUT,703,"8,510,967,400",383,"5,175,206,100",439,"5,783,992,500",391,"4,033,236,000",175,"2,556,599,570",108,"1,178,158,000",302,"3,160,382,260",372,"4,616,457,330",182,"1,913,614,730",111,"545,131,400",17,"144,239,900",13,"81,160,500"
OCO-0207-1658317098187,CHECKOUT,696,"179,811,795",774,"141,472,966",727,"144,768,896",722,"160,390,096",748,"159,585,217",593,"142,149,894",733,"148,230,589",486,"87,511,963",676,"119,179,946",738,"119,684,532",781,"124,059,380",786,"134,409,927"
BRN-0258-1718073724251,CHECKOUT,661,"86,058,000",580,"75,750,000",559,"71,658,000",482,"62,061,000",457,"57,710,000",450,"57,388,000",400,"50,797,000",354,"45,294,001",278,"37,569,000",223,"30,500,500",145,"19,637,000",33,"4,019,000"
OCO-0215-1670570136800,CHECKOUT,656,"269,987,347",786,"262,913,917","1,161","433,668,722","1,240","423,399,724","1,361","508,114,967","1,367","416,153,729","1,410","476,897,555","1,332","461,122,504","1,414","519,909,742","1,433","512,867,656","3,936","1,366,385,277","4,845","1,702,285,400"
BRN-0255-1724645077662,CHECKOUT,654,"119,649,800",433,"79,637,800","1,095","198,251,000","1,125","204,373,200",793,"143,025,400","1,315","223,248,100",575,"97,731,500",341,"61,499,400",522,"91,329,100",921,"162,741,680",213,"35,439,600",6,"247,700"
OCO-0235-1678359133637,CHECKOUT,646,"3,093,500,000",883,"4,255,000,000",640,"3,414,250,000",515,"2,996,500,000",512,"2,603,740,000",467,"2,441,850,000",281,"1,621,200,000",169,"939,500,000",66,"444,000,000",264,"1,612,500,000",334,"1,802,200,000",490,"2,495,890,000"
OCO-0000-0000000000234,CHECKOUT,645,"2,173,300,000",468,"1,576,850,000",628,"2,055,660,000",397,"1,299,510,000",523,"1,702,900,000",427,"1,359,670,000",411,"1,244,820,000",440,"1,361,110,000",403,"1,252,610,000",389,"1,193,870,000",447,"1,360,800,000",398,"1,237,780,000"
BRN-0297-1705904808859,CHECKOUT,609,"876,042,736",669,"928,414,114",449,"676,563,456",383,"580,452,810",372,"672,120,783",411,"629,937,354",424,"586,926,348",281,"412,116,117",384,"493,675,631",524,"768,326,394",415,"550,377,874",461,"687,499,197"
BRN-0294-1677134092085,CHECKOUT,600,"313,957,000",534,"269,761,000",630,"319,548,000",439,"216,508,500",502,"277,952,877",354,"199,125,000",320,"174,735,000",301,"161,020,000",158,"76,930,000",302,"164,101,000",385,"200,564,000",162,"84,690,000"
OCO-0267-1672114547535,CHECKOUT,582,"4,349,073,000",383,"1,981,826,500",54,"177,572,000",101,"451,862,803",160,"1,022,362,000",168,"1,125,574,500",154,"986,819,500",218,"736,991,038",220,"963,036,500",665,"3,911,649,500",293,"1,109,559,160",158,"296,326,000"
OCO-0000-0000000235769,CHECKOUT,570,"18,816,281,600",536,"11,430,926,400",592,"14,188,807,200",465,"11,134,352,300",427,"9,110,967,500",432,"10,268,677,100",447,"11,575,850,200",374,"5,487,552,600",257,"2,647,393,100",395,"5,616,065,100",373,"3,735,858,100",302,"2,197,645,900"
OCO-0000-0000000249806,CHECKOUT,548,"8,698,898,400",382,"5,306,329,300",604,"9,907,518,200",443,"6,135,112,500",374,"5,006,616,610",338,"5,137,263,990",426,"6,339,601,258",206,"3,503,220,200",175,"3,280,999,800",465,"7,023,073,880",183,"3,674,856,740",177,"3,768,792,660"
OCO-0000-0000000250728,CHECKOUT,544,"788,680,200",639,"1,021,334,500",7,"5,605,000",94,"68,706,500",604,"607,044,119",549,"713,694,492",617,"752,240,150",654,"878,854,200",392,"546,815,650",445,"540,195,425",663,"896,674,425",586,"808,859,925"
BRN-0223-1652434488388,CHECKOUT,533,"397,033,578",782,"480,610,129","1,036","748,050,635",658,"571,859,240",302,"328,908,100",363,"351,196,050","3,196","1,654,275,800","2,078","1,173,076,700",710,"501,214,720","1,338","1,354,955,700",943,"1,518,807,350","1,833","1,036,005,300"
BRN-0201-1709611041620,CHECKOUT,525,"633,155,000",299,"390,092,500",236,"562,075,000",59,"411,997,500",22,"136,925,000",18,"84,400,000",20,"129,162,500",9,"95,650,000",17,"144,720,000",42,"393,625,000",20,"141,775,000",11,"55,987,500"
OCO-0228-1679907537148,CHECKOUT,521,"23,509,160",612,"26,735,810",664,"31,244,810",706,"27,866,870",711,"32,677,760",822,"35,634,770",972,"40,069,740",866,"35,249,470","1,145","46,869,860","1,098","48,046,890","1,002","45,650,920","1,167","48,068,400"
BRN-0101-1706685530553,CHECKOUT,516,"1,452,576,000",707,"1,851,209,250",727,"2,095,780,500",643,"1,827,493,250",758,"1,958,173,250",695,"1,847,579,250",749,"1,999,767,000",609,"1,538,191,000",263,"711,601,000",544,"1,461,740,500",594,"1,522,028,750",616,"1,520,939,750"
BRN-0209-1704356572790,CHECKOUT,508,"577,650,000",490,"511,575,000",345,"379,950,000",232,"238,150,000",245,"286,600,000",295,"344,500,000",306,"370,525,000",326,"422,700,000",207,"342,725,000",301,"398,775,000",282,"318,950,000",301,"366,600,000"
BRN-0242-1722228244759,CHECKOUT,505,"1,560,605,000",368,"1,187,795,000",279,"924,042,500",300,"1,093,085,000",296,"969,420,000",208,"689,800,000",166,"960,175,000",112,"438,487,500",134,"497,400,000",349,"1,744,425,000",198,"772,650,000",256,"881,700,000"
BRN-0282-1673336608766,CHECKOUT,504,"540,927,290",538,"643,942,110",535,"613,332,260",566,"623,129,660","1,335","1,381,012,760",595,"660,023,870",649,"738,743,850",597,"649,207,490",572,"657,943,660","1,030","1,056,637,140","1,645","1,598,662,360",720,"741,535,880"
BRN-0222-1700623782801,CHECKOUT,482,"40,826,861",418,"35,451,550",564,"50,400,982",513,"45,005,156",388,"33,954,858",193,"20,033,279",534,"52,996,448",760,"66,689,695",867,"78,467,055","1,098","97,925,861","1,114","94,166,981","1,120","95,542,728"
BRN-0207-1662358992559,CHECKOUT,480,"1,057,320,000",608,"1,368,219,600",711,"1,637,420,400",549,"1,288,029,600",457,"1,115,086,800",465,"1,176,951,600",210,"528,422,400",147,"367,210,800",81,"203,385,600",257,"693,435,600",255,"563,824,800",375,"812,592,000"
BRN-0216-1697605393418,CHECKOUT,477,"159,707,200",375,"119,867,000",521,"158,770,000",454,"157,324,000",561,"181,829,000",546,"193,981,000",425,"136,161,000",478,"169,605,000",735,"214,237,000",503,"134,846,000",841,"217,237,650",758,"242,785,550"
BRN-0251-1658215545840,CHECKOUT,474,"1,741,443,553",409,"1,380,750,414",508,"1,755,052,085",445,"1,439,782,938",452,"1,545,023,232",400,"1,729,694,953",429,"1,326,535,819",462,"1,763,939,915",409,"1,652,690,310",364,"1,542,374,770",385,"1,325,668,201",435,"1,533,670,263"
BRN-0278-1707190606967,CHECKOUT,469,"877,845,000",496,"926,580,000",507,"938,135,000",329,"649,345,000",355,"574,175,000",344,"630,020,000",316,"519,780,000",269,"450,445,000",334,"670,070,000",301,"527,205,000",290,"536,850,000",245,"479,325,000"
OCO-0214-1670315660595,CHECKOUT,466,"419,223,651","1,031","948,836,176",420,"434,806,136",304,"373,481,910",339,"426,503,772",297,"342,170,541",348,"368,858,027",215,"175,097,635",284,"334,742,577",379,"383,209,886",317,"325,186,263",330,"344,208,019"
OCO-0000-0000000000247,CHECKOUT,459,"1,536,970,000",288,"966,000,000",372,"1,209,350,000",294,"959,070,000",378,"1,232,550,000",229,"726,910,000",202,"606,180,000",183,"564,930,000",166,"512,330,000",171,"526,830,000",204,"636,660,000",238,"730,810,000"
OCO-0240-1670488337494,CHECKOUT,456,"3,353,433,489",494,"4,324,565,702",493,"4,045,098,586",593,"4,999,121,567",659,"4,241,622,707",607,"4,211,965,768",501,"2,944,862,025",539,"3,589,836,060",741,"6,016,488,088",552,"3,677,374,735",540,"3,719,935,420",572,"3,591,178,455"
BRN-0292-1709271840205,CHECKOUT,425,"989,146,400",546,"1,170,666,750",645,"1,505,650,050",521,"1,321,965,900",470,"1,151,076,600",160,"339,844,420",36,"96,717,420",28,"79,577,592",10,"20,636,028",17,"51,882,300",29,"81,649,200",14,"31,599,600"
OCO-0204-1671530452798,CHECKOUT,419,"37,110,279",495,"49,842,390",454,"31,406,538",602,"41,282,081",464,"35,808,540",507,"34,982,739",697,"50,758,363",776,"43,818,359",699,"44,948,826",916,"62,378,438",139,"14,417,668",106,"10,333,789"
OCO-0259-1670555697721,CHECKOUT,397,"367,787,057",469,"501,957,790",515,"499,837,055",463,"464,109,465",423,"521,528,196",294,"317,858,563",351,"456,493,221",340,"333,243,077",178,"195,081,701",333,"324,093,591",320,"303,527,960",311,"242,984,669"
BRN-0218-1704793211218,CHECKOUT,383,"289,945,000",372,"266,602,000",403,"317,339,000",327,"262,394,000",444,"305,596,000",467,"349,797,000",531,"289,654,000",292,"215,124,000",312,"275,258,000",302,"248,435,000",72,"74,047,000",5,"6,300,000"
OCO-0208-1659418456884,CHECKOUT,379,"273,387,100",426,"342,671,420",462,"355,272,620",433,"340,200,589",409,"303,995,400",405,"290,016,620",433,"319,376,600",429,"390,215,620",173,"124,594,000",423,"328,300,713",449,"335,459,060",470,"386,238,891"
BRN-0209-1687858131874,CHECKOUT,349,"181,871,624",397,"219,131,652",296,"156,836,623",280,"146,456,636",276,"164,476,665",277,"142,154,994",290,"146,619,989",297,"159,150,003",259,"152,626,671",299,"149,571,678",295,"154,056,667",343,"178,010,009"
OCO-0207-1672114620029,CHECKOUT,342,"3,854,975,510",345,"3,484,800,520",304,"2,928,145,350",354,"3,710,742,315",329,"3,499,670,955",350,"3,640,220,425",498,"3,613,125,200",780,"7,162,137,520",837,"7,851,045,180","2,318","19,619,492,465","3,309","26,679,239,870","3,115","26,254,712,000"
BRN-0215-1692349339463,CHECKOUT,340,"252,982,880",368,"264,845,910",317,"250,944,574",385,"277,806,466",521,"408,782,994",949,"627,058,293",971,"690,456,091",939,"633,803,880","1,183","828,656,053",846,"657,404,040",642,"502,496,270",803,"575,121,276"
BRN-0294-1696396307791,CHECKOUT,338,"5,162,070,074",241,"3,206,747,718",276,"3,496,498,811",67,"664,278,135",99,"1,549,656,378",110,"2,046,360,018",72,"878,574,104",101,"1,920,549,893",128,"1,875,188,217",67,"993,629,391",77,"905,968,364",72,"921,895,632"
OCO-0205-1671530452895,CHECKOUT,338,"19,739,096",320,"18,924,650",323,"20,652,460",482,"28,690,563",371,"19,811,320",386,"20,980,650",507,"30,122,550",523,"37,635,130",787,"56,445,820",762,"42,170,745",765,"41,307,320","1,663","87,243,180"
OCO-0291-1670915973229,CHECKOUT,320,"1,222,319,700",327,"2,387,580,296",526,"10,627,028,792",204,"1,091,477,715",315,"1,339,795,681",483,"2,908,229,285",287,"1,201,894,415",211,"883,075,524",310,"1,722,671,921",571,"9,721,502,568",321,"4,497,960,598",205,"602,801,279"
OCO-0239-1679913533545,CHECKOUT,317,"7,970,000",386,"8,040,000",458,"7,715,000",508,"7,315,000",514,"7,950,000",472,"7,695,000",596,"8,580,000",551,"8,845,000",651,"9,470,000",650,"9,315,000",641,"11,720,000",690,"11,680,000"
BRN-0278-1698632237262,CHECKOUT,310,"872,241,904",295,"836,826,109",351,"1,042,370,083",388,"1,160,058,701",437,"1,483,459,278",450,"1,345,607,849",617,"1,721,508,947",434,"1,244,781,651",355,"1,162,362,466",527,"1,486,014,886",535,"1,447,044,126",346,"1,033,588,317"
